{"00": 0.23076923076923078, "01": 0.8888888888888888}